time_step,error_history,max_cost_history,min_cost_history,cost_norm_history,rugged_terr,warm_start,imperfect_state
0,0.1923479393224399,685074.0236610665,644386.9081933334,40687.11546773312,True,False,True
1,1.0187608520320437,233139.22925843642,223000.83566298272,10138.393595453701,True,False,True
2,1.0195573969008203,226656.56006935373,207983.73271219674,18672.827357156988,True,False,True
3,1.0204067933779575,218272.09193653008,198989.90395577688,19282.187980753195,True,False,True
4,1.0214912135295215,206889.66761253081,191406.236288988,15483.431323542813,True,False,True
5,1.0227169426800056,198873.99333205225,182896.54310652288,15977.450225529377,True,False,True
6,1.0241947984332616,190740.0228358577,172410.3177434061,18329.705092451593,True,False,True
7,1.0259762017787961,183576.35507477674,162010.69257328974,21565.662501487008,True,False,True
8,1.0275459916384582,170875.06516840722,150062.92474055727,20812.140427849954,True,False,True
9,1.027702982514979,161717.1635386722,146531.63846825695,15185.525070415257,True,False,True
10,1.0272729640487113,162722.93093326656,145355.80246101774,17367.12847224882,True,False,True
11,1.0267069973721727,145079.11495710822,120206.08037038395,24873.034586724272,True,False,True
12,1.025590894324394,282821.3325761355,115727.78032019647,167093.55225593905,True,False,True
13,1.0243463771466415,144578.33979931852,129490.31933017526,15088.02046914326,True,False,True
14,1.0230007392837432,137581.44058068196,109419.38891908305,28162.051661598904,True,False,True
15,1.021642174255551,132816.4072804982,111113.94491613515,21702.462364363062,True,False,True
16,1.0201984990499158,119562.82969553789,101123.4651275557,18439.364567982193,True,False,True
17,1.0190894052519603,101374.31713846,89222.11296017107,12152.204178288928,True,False,True
18,1.017998898980678,99577.4402601582,87494.9724797241,12082.46778043409,True,False,True
19,1.0171270752305535,96373.56638860005,80835.11702406323,15538.44936453682,True,False,True
20,1.016334737087929,97546.61002166523,84073.2285314012,13473.38149026403,True,False,True
21,1.015577417076731,92244.88628588164,81115.47950745697,11129.406778424673,True,False,True
22,1.0147783960500332,99169.52837985355,72825.05701631983,26344.471363533725,True,False,True
23,1.0138827085543545,87208.70328477913,71628.07904881076,15580.624235968367,True,False,True
24,1.0127245499410342,86098.59609196852,68716.20711922822,17382.3889727403,True,False,True
25,1.0114260032121751,78725.96153593765,64928.08187568466,13797.879660252991,True,False,True
26,1.0100774884742505,72953.00395438784,59567.55951067693,13385.444443710905,True,False,True
27,1.0090401776881148,80270.53415631523,63567.011765687814,16703.52239062742,True,False,True
28,1.008409396564084,71987.32652575785,60057.02834187917,11930.298183878673,True,False,True
29,1.0081083004139852,70798.74651245278,58956.648704652966,11842.097807799815,True,False,True
30,1.0077160077573941,66644.25301336238,55158.066240066335,11486.186773296045,True,False,True
31,1.0071692295820096,59929.836254997754,48642.551518603126,11287.284736394628,True,False,True
32,1.0066566172370663,53174.87267746043,45609.78993979566,7565.082737664772,True,False,True
33,1.0061431515254695,58057.65636527926,46029.56703986351,12028.089325415749,True,False,True
34,1.0055498933212754,54296.2428963092,42554.506279985595,11741.736616323607,True,False,True
35,1.0047982352218852,70503.82644643076,48554.796870331564,21949.029576099194,True,False,True
36,1.0037768284620292,54373.38097715547,47324.41431226913,7048.966664886342,True,False,True
37,1.0025702906671772,52753.048381597364,43639.277807461374,9113.77057413599,True,False,True
38,1.0013353705014998,51315.547396263966,42652.70603369245,8662.841362571518,True,False,True
39,0.9999594818949956,51042.059165202096,40576.40517364292,10465.653991559178,True,False,True
40,0.9984750486859106,54574.50373940089,42831.51869577471,11742.985043626184,True,False,True
41,0.996803542298738,49611.15269429251,40545.071126513605,9066.081567778907,True,False,True
42,0.99491107650988,51013.581478774475,40778.176666302264,10235.40481247221,True,False,True
43,0.9927036597624685,42656.24819372469,37474.09308069997,5182.155113024724,True,False,True
44,0.990194479426804,45949.79635081612,38514.32720042426,7435.469150391858,True,False,True
45,0.987442889941392,48217.290592267185,40126.59690882913,8090.693683438054,True,False,True
46,0.9844424299154841,44278.97279304033,36521.96085525429,7757.011937786039,True,False,True
47,0.9813854437592452,43249.39262568181,38052.66097041986,5196.731655261945,True,False,True
48,0.978213102174009,46718.44802793264,40895.4162226872,5823.031805245439,True,False,True
49,0.9750719501330647,46119.87827388473,38248.03683929626,7871.841434588467,True,False,True
50,0.9718286479872189,39645.89540809006,35755.588191952935,3890.3072161371238,True,False,True
51,0.9685684856498421,40135.186990786715,35349.94952548104,4785.237465305676,True,False,True
52,0.9652979792721664,38549.62794759631,33063.01874666003,5486.6092009362765,True,False,True
53,0.962059904118384,75277.51074705672,44573.08039913056,30704.430347926158,True,False,True
54,0.958970097621888,43751.206252554635,37145.17617448672,6606.030078067917,True,False,True
55,0.9562323468760148,48728.8139452809,41812.07922972809,6916.734715552804,True,False,True
56,0.9538024978448607,43568.71808972759,35520.8451298071,8047.872959920489,True,False,True
57,0.9517019136707947,51483.70771579357,43855.21318350914,7628.494532284429,True,False,True
58,0.949817157832521,41401.92744832138,36460.95156028931,4940.975888032073,True,False,True
59,0.9481233003691146,39850.79767568184,35190.89206464743,4659.90561103441,True,False,True
60,0.9465924447482187,46278.06268514053,36309.654695810445,9968.407989330088,True,False,True
61,0.9451852842950473,41571.66384807427,35881.096025793566,5690.567822280704,True,False,True
62,0.9437541447722263,43412.67602392098,36102.19335120022,7310.482672720762,True,False,True
63,0.9423667208860882,42037.35530257888,35101.95431897243,6935.400983606451,True,False,True
64,0.9410034163989757,41815.9124503418,37901.00605093004,3914.9063994117605,True,False,True
65,0.9396899879884726,37017.22158265549,31535.9128632701,5481.30871938539,True,False,True
66,0.9384202137116746,42387.92542991758,36580.999185749795,5806.926244167786,True,False,True
67,0.9374379297320704,39583.45478914993,34890.15767040581,4693.297118744122,True,False,True
68,0.9367248694463133,39938.294634123245,35510.87276656201,4427.421867561236,True,False,True
69,0.9361775705182768,46069.69890553989,36653.395362867384,9416.303542672504,True,False,True
70,0.935768615222742,38658.89720270342,34126.13550955546,4532.761693147957,True,False,True
71,0.9356232488043951,39048.00647166955,34467.65456653622,4580.351905133328,True,False,True
72,0.9355337774752212,37558.83380385519,31371.38274934067,6187.451054514517,True,False,True
73,0.9354233591858929,36394.138732970874,31902.3494830489,4491.789249921974,True,False,True
74,0.9351883490204529,40254.27641598955,34885.9614984982,5368.314917491349,True,False,True
75,0.9350683060093095,41810.612678350684,32117.831702028496,9692.780976322189,True,False,True
76,0.9349474238900447,38588.16479265707,34431.66604330297,4156.498749354105,True,False,True
77,0.9349200049652945,38932.60287973396,34237.132668232276,4695.470211501684,True,False,True
78,0.934759226241819,41571.80624732614,35065.1571712401,6506.64907608604,True,False,True
79,0.9346328312288743,45326.42848165155,38567.965162945824,6758.463318705726,True,False,True
80,0.9346621711796401,41788.97723093134,36188.308969789694,5600.668261141647,True,False,True
81,0.9347574209372871,40634.15426414721,35437.89034943573,5196.263914711482,True,False,True
82,0.9349525018435614,42475.115355714006,36314.16706634787,6160.948289366133,True,False,True
83,0.935166605728551,39888.015524418915,36027.854468248,3860.1610561709167,True,False,True
84,0.9353911119810973,51770.57056036817,40837.73223511726,10932.838325250908,True,False,True
85,0.935775511922062,41084.14031901883,36890.62817929569,4193.512139723141,True,False,True
86,0.9362509108927902,43061.513682266115,36963.34252414486,6098.1711581212585,True,False,True
87,0.9367893887631626,39276.528290603455,35173.00483910649,4103.523451496963,True,False,True
88,0.9372286886457072,42968.95154847167,35676.20240144538,7292.74914702629,True,False,True
89,0.9375216525471247,39720.60082510204,34149.29663328609,5571.304191815951,True,False,True
90,0.9376618208706792,45240.793487763294,40182.733317999366,5058.060169763929,True,False,True
91,0.9376603246218328,42177.3131874584,36955.92663161,5221.386555848403,True,False,True
92,0.9374618873439775,49113.8206055681,40938.170316914664,8175.650288653436,True,False,True
93,0.9370940016944297,40577.74922466532,34945.776037062686,5631.973187602634,True,False,True
94,0.9366039858470204,38470.937749266624,34657.48021066764,3813.457538598981,True,False,True
95,0.9359306969711946,41565.66619241881,35711.27506084825,5854.391131570555,True,False,True
96,0.9352918881000928,55674.6345916061,46135.189962930366,9539.44462867573,True,False,True
97,0.9346913756038858,44793.47204793066,37641.94499697002,7151.527050960642,True,False,True
98,0.9340337045932933,41731.142115641065,37111.44281978789,4619.699295853177,True,False,True
99,0.9333878023532517,40963.58603344935,33587.95509792301,7375.6309355263365,True,False,True
100,0.9326357409689191,41527.63442699223,34359.68691829755,7167.947508694677,True,False,True
101,0.9316569189662741,48853.80681624907,39898.29699735157,8955.509818897495,True,False,True
102,0.9306414837067578,41586.437164254356,35423.12186963349,6163.315294620865,True,False,True
103,0.9294882159388467,43310.33214410932,36759.8570342414,6550.475109867919,True,False,True
104,0.928227134652407,39338.625061700324,34918.282482712915,4420.342578987409,True,False,True
105,0.9268043243331,51404.95431576679,40446.14896701687,10958.80534874992,True,False,True
106,0.9252460367150049,41065.0969791627,35008.31645704205,6056.780522120651,True,False,True
107,0.9234794461805504,43037.34968949581,36079.70490590745,6957.644783588359,True,False,True
108,0.9217169213527833,42619.78466597533,35820.47494050294,6799.309725472383,True,False,True
109,0.9199424543455699,39648.27328096747,35865.106766804005,3783.1665141634658,True,False,True
110,0.9183199561390045,37336.71850935832,32200.33892215141,5136.379587206906,True,False,True
111,0.9166372875143116,43205.22893608271,36016.52051338702,7188.708422695694,True,False,True
112,0.9148469464788129,39556.89894964885,33006.404207118525,6550.494742530325,True,False,True
113,0.913066797561383,40881.205446110675,34445.71426531256,6435.491180798112,True,False,True
114,0.9114550676238259,41570.96827291998,34162.80671233295,7408.161560587025,True,False,True
115,0.9098249643622005,41331.20931215158,35193.36514023896,6137.84417191262,True,False,True
116,0.9083422147133688,50024.86262812808,41873.251440032014,8151.611188096067,True,False,True
117,0.9069310246055634,41368.858835289626,35991.872503460516,5376.98633182911,True,False,True
118,0.9056932352423724,38719.270062457086,34000.8167265107,4718.453335946389,True,False,True
119,0.9044703592495379,40178.34585883656,32494.095076504265,7684.250782332296,True,False,True
120,0.9034689463680506,65062.04634435843,53112.29877215494,11949.747572203487,True,False,True
121,0.9028823053687505,38743.30117640729,34366.88818925516,4376.412987152129,True,False,True
122,0.9026836040624773,42588.7934193292,36072.608909544484,6516.184509784718,True,False,True
123,0.9026534955530978,40780.38390869396,32622.006312951955,8158.3775957420075,True,False,True
124,0.9025835751600734,41179.95735466564,37050.19605245867,4129.761302206971,True,False,True
125,0.9024465312743813,43121.45408016292,35528.081761757756,7593.372318405163,True,False,True
126,0.9024473855565234,52562.67887330981,42323.92014735205,10238.758725957756,True,False,True
127,0.9025904878134555,41002.661561104156,35737.38175275992,5265.279808344239,True,False,True
128,0.9026592102882923,51554.880522364474,44645.39611666764,6909.484405696836,True,False,True
129,0.9025885722344676,43533.67909804305,37235.651802016335,6298.0272960267175,True,False,True
130,0.9023497844260154,38964.51562303517,34210.02819785864,4754.487425176529,True,False,True
131,0.9019954026916005,44113.76342923367,37713.1980156317,6400.565413601973,True,False,True
132,0.9014507321151087,52673.59135990419,41264.8733631052,11408.717996798987,True,False,True
133,0.9008177411138487,43128.06685157075,36621.03741339155,6507.029438179205,True,False,True
134,0.900048994420128,48822.725659553704,39925.97611116267,8896.749548391032,True,False,True
135,0.8991919353980499,41818.199765210964,36352.573048295555,5465.626716915409,True,False,True
136,0.8983521000835847,51517.497862458185,38307.251337283444,13210.246525174742,True,False,True
137,0.8975957463711526,47801.3944257085,41741.88113034645,6059.513295362049,True,False,True
138,0.8968132400880142,43786.38991712159,36598.276359265314,7188.113557856275,True,False,True
139,0.8961320617934256,58465.4768781513,39652.343720545934,18813.133157605364,True,False,True
140,0.8955063300111625,46111.557107185785,39902.67078842833,6208.886318757453,True,False,True
141,0.8949583474668156,44599.69429642898,37686.4976318713,6913.196664557676,True,False,True
142,0.8944243986505409,53027.07892878963,40008.8901189932,13018.188809796433,True,False,True
143,0.8940132767729846,44986.40305593491,36468.463202359344,8517.939853575568,True,False,True
144,0.8936346120177496,52584.459156998455,44666.7929026224,7917.666254376054,True,False,True
145,0.8933228628890624,49002.191163303774,39915.03520130266,9087.155962001118,True,False,True
146,0.8930698781621196,45890.19407371452,40921.82858920099,4968.365484513532,True,False,True
147,0.8929217994666808,47781.778496268635,36307.98994574809,11473.788550520541,True,False,True
148,0.8929151193232667,54105.064066515944,42879.76431949828,11225.299747017663,True,False,True
149,0.8928821320276663,44627.353600226954,36527.09595115188,8100.257649075073,True,False,True
150,0.8928370645365464,44118.32374934762,36871.12657659793,7247.197172749686,True,False,True
151,0.8928485709844974,42787.20957608496,35787.6797242809,6999.529851804065,True,False,True
152,0.8929082944937187,47765.13573722077,37498.095315448445,10267.040421772326,True,False,True
153,0.8930660083507828,42015.86724606033,35401.942336302454,6613.924909757872,True,False,True
154,0.8933961768135534,48312.98109304419,40433.48228336377,7879.498809680415,True,False,True
155,0.893770303884635,41979.124183299355,37635.71159179535,4343.412591504006,True,False,True
156,0.8942632104157441,43868.105278884745,38418.39586188042,5449.709417004327,True,False,True
157,0.8948848751410353,42279.1185960484,36754.28378452979,5524.834811518609,True,False,True
158,0.8955617534210648,38952.46585634998,33538.645422438014,5413.820433911969,True,False,True
159,0.8962699804387927,45854.45914397777,37170.02371634162,8684.435427636156,True,False,True
160,0.8969697284778735,93861.77473146639,40789.88228446652,53071.89244699987,True,False,True
161,0.8976557090716348,38836.880539495454,33574.42759185396,5262.452947641497,True,False,True
162,0.8981476574535328,42329.10535833961,36728.83900555576,5600.266352783852,True,False,True
163,0.898629919329363,53677.79283006204,46852.570496513144,6825.222333548896,True,False,True
164,0.8992311129982556,50694.67291655265,41911.612326871196,8783.060589681452,True,False,True
165,0.8996799581251405,43157.98273306509,37218.108883028035,5939.873850037053,True,False,True
166,0.8998844789437984,51826.95207549272,42975.2613751905,8851.69070030222,True,False,True
167,0.8998226180106541,45862.74862949076,36951.22361303025,8911.52501646051,True,False,True
168,0.8996567732994039,41280.034153325105,33875.25052158297,7404.783631742132,True,False,True
169,0.8993555271252632,40787.84873721568,34933.7896944251,5854.0590427905845,True,False,True
170,0.8989739737989342,40467.06613569728,34701.56755826238,5765.498577434897,True,False,True
171,0.898632552509082,45415.03761494305,38088.97827491528,7326.059340027772,True,False,True
172,0.8981665828037064,42694.103983290996,35305.94655124491,7388.157432046086,True,False,True
173,0.8975463958415736,45838.16649474837,38842.71069573451,6995.455799013864,True,False,True
174,0.8968513657254551,41090.659835379614,35630.30296043331,5460.356874946301,True,False,True
175,0.8962432873919427,38263.39969959446,33171.83650073809,5091.563198856369,True,False,True
176,0.8956818547738813,43672.18244401549,36974.25022702559,6697.932216989895,True,False,True
177,0.8953059313380374,40414.44975768488,33059.60631789283,7354.84343979205,True,False,True
178,0.8951276038672221,38484.0947478543,33602.876959382294,4881.217788472008,True,False,True
179,0.8949945349771036,42861.9029329669,37208.170619557255,5653.732313409644,True,False,True
180,0.8949816593745952,44459.95353485318,33533.58210094414,10926.371433909037,True,False,True
181,0.8951912605788473,43931.99805473513,37940.49360383718,5991.504450897948,True,False,True
182,0.8952713635010535,42401.73106124505,36858.14656155303,5543.5844996920205,True,False,True
183,0.8951689153923172,44071.37207367398,37494.25812576791,6577.113947906066,True,False,True
184,0.8950801273094013,40358.49092093941,34978.271044682995,5380.219876256415,True,False,True
185,0.8949849068762852,60902.360998204356,50137.242094447654,10765.118903756702,True,False,True
186,0.8948053012298022,40688.907831899276,33424.94479280089,7263.9630390983875,True,False,True
187,0.8944449646551184,38353.30468995479,33457.0509823242,4896.253707630589,True,False,True
188,0.8940357194845403,37800.16108797607,32950.36649277364,4849.794595202431,True,False,True
189,0.8935819952511426,45270.04965763756,37650.779910101424,7619.269747536135,True,False,True
190,0.8931306784068244,41577.16688376073,34602.68221556031,6974.484668200421,True,False,True
191,0.8925904066038869,40175.35279494344,34700.9068923765,5474.445902566942,True,False,True
192,0.8918860983657243,43358.07917887841,35328.22355550416,8029.855623374249,True,False,True
193,0.8910729681866479,34703.07048560034,29973.052973540955,4730.0175120593885,True,False,True
194,0.8900849355255227,35397.83684986557,31687.720841385864,3710.1160084797048,True,False,True
195,0.8891594006058857,37998.00758755208,33272.89580421324,4725.111783338834,True,False,True
196,0.8880043396673917,41882.483152411354,35090.982255757415,6791.500896653939,True,False,True
197,0.8868067342143745,37432.425448489856,31386.223157934513,6046.202290555342,True,False,True
198,0.8856182926128077,37391.781000981544,31699.399533520755,5692.381467460789,True,False,True
199,0.8845985891854667,37873.86843968574,32641.148162227757,5232.7202774579855,True,False,True
200,0.8833280856218556,37585.47560746253,32749.434101682542,4836.041505779991,True,False,True
201,0.8819956226372231,36852.32023073798,33335.400409097565,3516.9198216404184,True,False,True
202,0.8805368390804063,50295.11265525283,39568.19703767529,10726.915617577542,True,False,True
203,0.8790661387624125,38017.000748006976,34529.11621333838,3487.8845346685994,True,False,True
204,0.877823158816987,38128.772971454346,31172.032555779464,6956.740415674882,True,False,True
205,0.8766783252836474,43769.23085821161,36531.44184973267,7237.78900847894,True,False,True
206,0.875585746358156,54367.18034847814,40194.17434280575,14173.006005672389,True,False,True
207,0.8744199513278387,47944.88075617434,41901.25267470737,6043.628081466966,True,False,True
208,0.8731409764350198,41613.73329369948,34614.05915962634,6999.674134073139,True,False,True
209,0.8719913273749904,44352.75212973073,35724.37418598207,8628.37794374866,True,False,True
210,0.8709729446850251,41319.02537073627,35272.06583164385,6046.959539092422,True,False,True
211,0.8702817433148554,40279.67189639481,32825.12808720878,7454.543809186027,True,False,True
212,0.869832730476391,40353.16291635539,35810.55932652477,4542.6035898306145,True,False,True
213,0.8694404978196806,39837.332948078256,35999.98837780888,3837.344570269379,True,False,True
214,0.8692620716348113,37175.735939824,32268.932154264177,4906.803785559823,True,False,True
215,0.8691773315850232,38854.27323919923,34336.2080555701,4518.065183629129,True,False,True
216,0.8691827747801633,45531.18998135928,37970.40578102978,7560.784200329501,True,False,True
217,0.8693697637529125,38166.59434233344,32841.61150405729,5324.982838276148,True,False,True
218,0.8696938900295571,40816.41276497605,35629.213481712,5187.199283264046,True,False,True
219,0.8700110467918486,48324.67865680347,40507.18532702468,7817.493329778794,True,False,True
220,0.8704268893144773,39529.05182808533,34127.88349162218,5401.168336463146,True,False,True
221,0.8710205037096804,38749.938971635864,32829.96103347231,5919.977938163553,True,False,True
222,0.8715805845871167,38862.95361265009,33112.75988096149,5750.193731688603,True,False,True
223,0.8722922924293026,39738.108410011126,35598.23529906235,4139.873110948778,True,False,True
224,0.8733289451400517,34198.18467018792,28721.459243689333,5476.725426498586,True,False,True
225,0.8745282513612868,39798.585795828956,33055.05559684917,6743.530198979788,True,False,True
226,0.875672708699906,43221.22564740469,37208.05758841705,6013.168058987641,True,False,True
227,0.8768747558152172,34911.9266043463,30215.972563504503,4695.954040841796,True,False,True
228,0.8779190751829649,41392.53154397552,32808.59751811517,8583.934025860348,True,False,True
229,0.8787449740427989,38019.65115214144,32143.57837551989,5876.072776621553,True,False,True
230,0.8794203776233241,38553.31992942403,34887.3115770605,3666.008352363533,True,False,True
231,0.8799519919887779,41063.662063055606,35297.58182433046,5766.080238725146,True,False,True
232,0.8802137931875328,35539.028787346826,31706.669756243267,3832.3590311035587,True,False,True
233,0.8801358013273175,35887.583340841855,31082.652265499477,4804.931075342378,True,False,True
234,0.8798225412236832,40461.15743658372,32640.875888575836,7820.281548007886,True,False,True
235,0.8792419418810863,41107.51010972119,33384.63631849314,7722.8737912280485,True,False,True
236,0.8782463515216882,35179.498652877744,31035.121456126675,4144.377196751069,True,False,True
237,0.8767618431604941,41082.73798505207,35942.77831699506,5139.959668057003,True,False,True
238,0.8750481572149398,37059.89178572221,33072.264466944616,3987.627318777595,True,False,True
239,0.873177911081796,35082.42300992555,30517.920674873843,4564.502335051708,True,False,True
240,0.8711775724214036,33632.72249695267,28894.064388296472,4738.6581086562,True,False,True
241,0.8690612788502221,37253.39681393394,31668.23129303142,5585.165520902523,True,False,True
242,0.866739861069677,39966.4473689495,35495.069627909164,4471.3777410403345,True,False,True
243,0.8642947865026666,37281.59468625554,33123.53922235759,4158.055463897952,True,False,True
244,0.861843152337961,32737.01387593305,29126.837687920586,3610.176188012465,True,False,True
245,0.8593478479394014,39960.60825452896,33997.100287709414,5963.507966819547,True,False,True
246,0.8568993236221529,34935.22258353638,30197.385170410744,4737.837413125635,True,False,True
247,0.8545627804851584,38734.01241835788,34803.55092448913,3930.461493868752,True,False,True
248,0.852340089351413,48597.79967675137,36444.23270985781,12153.566966893559,True,False,True
249,0.8502416938539659,38492.66108720687,31237.122267225688,7255.538819981182,True,False,True
250,0.8482621887329013,41563.89798123097,33738.92485778176,7824.9731234492065,True,False,True
251,0.8464900944832694,36979.36273724484,31883.936749185843,5095.425988058996,True,False,True
252,0.8447569424497863,36337.24858496008,31672.292222692253,4664.956362267825,True,False,True
253,0.843176551850443,37359.900152336,32232.60885163164,5127.291300704357,True,False,True
254,0.8418518698208151,35754.9847507064,32218.851414032888,3536.133336673509,True,False,True
255,0.8405538804166391,43683.09261969609,37717.75041762747,5965.342202068627,True,False,True
256,0.8391706442469026,43418.64617385878,37364.00609511258,6054.640078746204,True,False,True
257,0.8376307934614763,54220.77292555281,45413.60455560798,8807.168369944833,True,False,True
258,0.8361746341367944,44550.915999789744,35155.71171162563,9395.204288164117,True,False,True
259,0.83452547681117,38839.19341875175,34059.69265232218,4779.50076642957,True,False,True
260,0.8329144983521527,40139.19023448121,33283.993490308094,6855.196744173118,True,False,True
261,0.8315333543906922,41997.738059720505,37477.804101228074,4519.933958492431,True,False,True
262,0.8304881555455312,36393.33438696874,31242.249944613668,5151.08444235507,True,False,True
263,0.8298279008587615,52173.53714416722,36056.79195586349,16116.745188303728,True,False,True
264,0.8293451646975746,50255.60374756388,40927.916768114854,9327.686979449027,True,False,True
265,0.8291646600541642,49716.14097385871,40140.910197699624,9575.230776159086,True,False,True
266,0.829167182363509,40004.09540879624,33906.88758898519,6097.207819811047,True,False,True
267,0.8294046287048219,36111.71568532183,31682.50378274178,4429.211902580053,True,False,True
268,0.8296925684620011,38212.12246997254,34259.29777156851,3952.8246984040306,True,False,True
269,0.830041407172841,36482.60619249314,29832.347228218,6650.258964275141,True,False,True
270,0.8304383165827103,35647.133359717816,31997.90239083745,3649.2309688803653,True,False,True
271,0.8308640258134784,39956.2957534412,33159.317505258994,6796.978248182204,True,False,True
272,0.8314886489905253,56841.716378163575,49691.218536604414,7150.497841559161,True,False,True
273,0.8324243213261681,37532.378752550736,30258.433288497552,7273.945464053184,True,False,True
274,0.8335334134688687,35804.68307804047,31954.51237788999,3850.17070015048,True,False,True
275,0.8347657151062046,37834.803401740384,33749.081269680224,4085.72213206016,True,False,True
276,0.8360853493365062,37253.55577384273,31570.41325325385,5683.142520588881,True,False,True
277,0.8372635612758731,57526.15258958438,44799.25782838305,12726.894761201329,True,False,True
278,0.8383700904389518,45114.898836232336,37968.58340079425,7146.3154354380895,True,False,True
279,0.8396396532824012,40564.750208906116,33044.536419764074,7520.2137891420425,True,False,True
280,0.8409260834854849,39919.68587485471,33205.13893478595,6714.546940068758,True,False,True
281,0.8419984049412556,45779.176823339425,37555.504216875524,8223.6726064639,True,False,True
282,0.842826134103229,38927.835058256314,33754.0046571801,5173.830401076215,True,False,True
283,0.8433681109114032,35890.165542993,30290.3796210186,5599.785921974402,True,False,True
284,0.8436461859826838,41812.75681256622,34999.43564310365,6813.321169462572,True,False,True
285,0.8437525349355858,47664.52599339126,38958.0792401738,8706.44675321746,True,False,True
286,0.8436607970949396,39864.777382085216,33329.56955391534,6535.207828169878,True,False,True
287,0.8434220597984335,49681.92761315224,36886.3049304617,12795.62268269054,True,False,True
288,0.8431376457188848,37001.90024130584,32299.58540359147,4702.31483771437,True,False,True
289,0.8428266732031475,37408.05246385235,31628.32682615425,5779.725637698099,True,False,True
290,0.8424853629190389,34775.28203950942,30803.673023689527,3971.6090158198895,True,False,True
291,0.8421555627176535,36188.5784830158,30664.78695777825,5523.79152523755,True,False,True
292,0.8416252473438977,43552.111235926335,35254.51499140056,8297.596244525776,True,False,True
293,0.8407211954243922,35472.87239675403,29813.416438265795,5659.455958488234,True,False,True
294,0.8394886630269959,38383.036077735684,32629.2851310026,5753.750946733082,True,False,True
295,0.83800095202503,37478.093615319056,29701.13252319611,7776.961092122947,True,False,True
296,0.8362216188579449,37346.23821916319,31335.52085014928,6010.71736901391,True,False,True
297,0.8342140178030631,39186.4335128589,31692.282417752256,7494.151095106645,True,False,True
298,0.831976979709767,37358.431977596534,30624.693987978782,6733.737989617752,True,False,True
299,0.8296744119950924,37211.90467671896,30602.492775928902,6609.411900790055,True,False,True
300,0.8274800552785672,35488.96469387488,30089.80159435854,5399.163099516336,True,False,True
301,0.8254293345465151,38063.5195647719,32791.03086316462,5272.488701607283,True,False,True
302,0.8236187096446289,40261.913430216126,32407.31307825754,7854.6003519585865,True,False,True
303,0.8219018234266694,38142.431165636655,34294.073208542206,3848.3579570944494,True,False,True
304,0.8202276478781875,36241.296921005676,31808.633883773793,4432.663037231883,True,False,True
305,0.8189066615178774,36909.88555048396,31763.099281787432,5146.786268696527,True,False,True
306,0.8179315815438987,49458.59240598894,35230.9353581139,14227.657047875036,True,False,True
307,0.8172517424885618,46792.67834692422,38056.71525638606,8735.963090538164,True,False,True
308,0.8168103756231235,39161.575473135934,34669.81816461288,4491.757308523054,True,False,True
309,0.8164746637226982,37614.91257235389,32624.733738177558,4990.178834176331,True,False,True
310,0.8162503407306148,36904.7714363196,30973.33296847817,5931.438467841428,True,False,True
311,0.8161300353454212,41910.362032122786,32983.04580617139,8927.3162259514,True,False,True
312,0.8161324462797855,48057.12293392168,37351.844921864846,10705.278012056835,True,False,True
313,0.8160253688582795,38429.98196228684,35103.4844068855,3326.4975554013363,True,False,True
314,0.8157550271620946,37235.86262148967,32445.196815107498,4790.665806382174,True,False,True
315,0.815319400872409,42165.63405564416,33142.006633279045,9023.627422365113,True,False,True
316,0.8146608327612465,48762.191393695924,37007.718790562634,11754.47260313329,True,False,True
317,0.8138235074101875,33582.174517508785,29939.136029844012,3643.038487664773,True,False,True
318,0.8127251173441576,45707.82035945082,34804.8696379786,10902.950721472225,True,False,True
319,0.8114843313697759,41994.483386153115,33481.745445700595,8512.73794045252,True,False,True
320,0.8102319684647897,34660.483082312116,29630.960866832844,5029.522215479272,True,False,True
321,0.8089300369200604,42324.128318244264,35061.65795477889,7262.470363465371,True,False,True
322,0.8076892744502769,35487.71144478388,31844.734800017257,3642.976644766626,True,False,True
323,0.8062981490549346,44406.80907964466,37206.66880773093,7200.140271913733,True,False,True
324,0.8047672542524711,34459.38360476062,30343.72429139259,4115.659313368025,True,False,True
325,0.8029658047810005,38732.56483640521,33830.604892094714,4901.959944310496,True,False,True
326,0.8009521970817215,42471.09398693987,33928.39527157622,8542.698715363651,True,False,True
327,0.7988042363036125,37168.69195112751,30606.72519430629,6561.966756821221,True,False,True
328,0.7966471352305023,45604.116095387966,33590.78661703837,12013.329478349595,True,False,True
329,0.7945393321818905,34785.35741805189,30585.631242757725,4199.726175294167,True,False,True
330,0.7924818635355183,40469.07748760345,32261.03532009582,8208.042167507629,True,False,True
331,0.7905482771056811,41370.96075355055,36306.01640948776,5064.944344062787,True,False,True
332,0.7887959800263323,34650.50591256762,30793.171425318156,3857.3344872494636,True,False,True
333,0.7870879581668508,48884.76354587684,42276.98155999365,6607.781985883194,True,False,True
334,0.7855168382596742,40086.32682419419,33480.88429033514,6605.442533859052,True,False,True
335,0.7839756546892774,34675.09105823776,29174.4015445131,5500.689513724661,True,False,True
336,0.7826871889714869,61609.71249253515,50171.13553578329,11438.576956751866,True,False,True
337,0.7818220893928676,46097.57380021942,37267.76696834574,8829.806831873677,True,False,True
338,0.7812207213050945,37431.737214603476,32336.075316439234,5095.661898164242,True,False,True
339,0.7808120536753729,44756.51162716394,36208.89843184881,8547.613195315134,True,False,True
340,0.7801901598514915,35766.6085938278,29410.692318313555,6355.916275514242,True,False,True
341,0.7793103620245128,31656.314786943825,27246.388773259456,4409.9260136843695,True,False,True
342,0.7782291967830711,33166.00224196923,29910.15943750096,3255.8428044682732,True,False,True
343,0.7768464289147237,34488.60829660488,29793.1015672604,4695.506729344477,True,False,True
344,0.7753558067130776,43174.78396100915,36519.555369530804,6655.228591478342,True,False,True
345,0.7738280885767688,41721.5378717174,35571.95910832191,6149.57876339549,True,False,True
346,0.7722325599547462,39338.37593891986,29432.9905781127,9905.385360807159,True,False,True
347,0.7706460122883788,39885.63128669253,29612.311221485645,10273.320065206884,True,False,True
348,0.7690234654393562,33035.43805948276,29041.01501979085,3994.4230396919083,True,False,True
349,0.7672958026903727,36253.5800217902,29736.362664285036,6517.217357505164,True,False,True
350,0.7652883552161357,43682.090708097065,33880.68481183173,9801.405896265336,True,False,True
351,0.7629083916068052,36735.722239725976,32989.88395896981,3745.8382807561647,True,False,True
352,0.7600723492707503,36094.9730247784,30629.90674294162,5465.066281836782,True,False,True
353,0.7569306624303903,36866.6803622812,29956.019919772392,6910.660442508808,True,False,True
354,0.7535947390918684,32937.438760130855,28358.06410080201,4579.374659328845,True,False,True
355,0.7501896787928358,36403.51319561085,29309.142125994415,7094.371069616438,True,False,True
356,0.7466805326754513,35942.12871736174,30720.87805906481,5221.250658296929,True,False,True
357,0.7432800036587208,35735.54398842507,29707.00080521078,6028.543183214293,True,False,True
358,0.7400837519452971,32261.86987441092,28787.18327714665,3474.68659726427,True,False,True
359,0.7371772349067701,31391.13558359524,27756.676878580824,3634.4587050144182,True,False,True
360,0.7344487105767731,30588.684636769605,27358.230623132906,3230.4540136366995,True,False,True
361,0.7318268974049938,37268.39820065636,31336.86395235445,5931.5342483019085,True,False,True
362,0.72928291495646,34630.7110094236,28453.124511503178,6177.58649792042,True,False,True
363,0.7266112390576978,32659.848220435983,28207.289895635455,4452.558324800528,True,False,True
364,0.7239235433706126,35970.89299505738,29248.580397493817,6722.312597563563,True,False,True
365,0.7214574250691516,35456.33463459809,29300.64829987027,6155.6863347278195,True,False,True
366,0.7190034787434052,32303.6106650008,29256.22207151095,3047.38859348985,True,False,True
367,0.7166408892515953,35423.193807303,28655.41646541082,6767.777341892182,True,False,True
368,0.7145142955779524,31837.935844786654,26933.95789941355,4903.977945373103,True,False,True
369,0.7126370744965381,33471.57521699849,28376.613196535283,5094.962020463208,True,False,True
370,0.711157827204849,48143.74082348554,40365.197195433226,7778.543628052314,True,False,True
371,0.7098153883645285,40009.574922319094,34800.938400710875,5208.6365216082195,True,False,True
372,0.7087815242279307,41345.582476335454,35226.90428897891,6118.6781873565415,True,False,True
373,0.7079494648984805,36200.320862127315,31164.178489121165,5036.142373006151,True,False,True
374,0.7074432459679929,38452.608325369874,32735.547752317212,5717.060573052662,True,False,True
375,0.7072356466536623,47174.00824025827,32836.521110333226,14337.487129925044,True,False,True
376,0.707242744846449,41178.81729475982,33159.008818674876,8019.808476084945,True,False,True
377,0.707291552447007,36599.99172345149,29599.164681186903,7000.827042264584,True,False,True
378,0.7072881431205655,40168.87936425861,33423.899971494975,6744.979392763635,True,False,True
379,0.7072768364257922,38328.36965301412,32863.55039621607,5464.819256798044,True,False,True
380,0.7072720206118035,41010.26660410054,32768.65168376235,8241.614920338194,True,False,True
381,0.7073967904238438,39872.416097539855,31496.48706778716,8375.929029752697,True,False,True
382,0.7075843627606254,38679.79976429426,31159.69095493745,7520.108809356807,True,False,True
383,0.7078985345404902,34069.62772416264,28462.25610249264,5607.371621669998,True,False,True
384,0.708397590110072,35800.40987678034,31558.25071994873,4242.159156831607,True,False,True
385,0.7089625711735685,33005.02083685242,29597.816070635818,3407.2047662166005,True,False,True
386,0.7093844111257062,38929.11682734813,32140.13785774669,6788.978969601441,True,False,True
387,0.7097227624877505,32250.56243890501,27690.513617512024,4560.048821392986,True,False,True
388,0.7098819930989593,35284.55247083363,30199.916573382186,5084.635897451444,True,False,True
389,0.7097660121293433,33587.62640006816,29297.70226219702,4289.924137871141,True,False,True
390,0.7093505822035601,36223.38034765868,30748.439903372077,5474.940444286607,True,False,True
391,0.7086295311593602,42780.0694712867,33358.95463163707,9421.114839649628,True,False,True
392,0.7076839605996526,50840.932106149565,37115.4606536151,13725.471452534468,True,False,True
393,0.7065520809309653,36697.15600146394,31422.339424795013,5274.816576668927,True,False,True
394,0.7054392065741973,32531.697553994323,28422.91896218772,4108.778591806604,True,False,True
395,0.7042531174351261,35026.665948236274,30041.932477175003,4984.73347106127,True,False,True
396,0.7029771403313029,34083.353936584856,26479.00098735714,7604.352949227716,True,False,True
397,0.7016711293684856,41106.22169095488,31540.189866691213,9566.031824263668,True,False,True
398,0.7004157800896563,34357.305618797516,29964.667440523903,4392.638178273613,True,False,True
399,0.6992855253928666,39104.077190893666,29230.36696851004,9873.710222383626,True,False,True
400,0.6984155893770354,34663.36267788468,26487.64624345238,8175.716434432303,True,False,True
401,0.6978227247808649,59566.79929267986,34496.00997413194,25070.78931854792,True,False,True
402,0.697509954956469,33205.11272041296,27905.873342952582,5299.239377460377,True,False,True
403,0.6973269058499161,42410.93022671234,32165.834105562197,10245.096121150145,True,False,True
404,0.6971426684180418,42007.07522046594,31982.061563498024,10025.013656967913,True,False,True
405,0.696856418519497,35708.902735252384,30499.088035803026,5209.814699449358,True,False,True
406,0.6966064935867868,46216.452329180276,38390.86280487838,7825.589524301897,True,False,True
407,0.6964683107350376,38386.19284999148,31279.880626467973,7106.312223523506,True,False,True
408,0.6964444942047673,35744.30028867391,30300.11530233571,5444.184986338201,True,False,True
409,0.696452502086955,35643.15205883706,29483.96252640066,6159.189532436401,True,False,True
410,0.6963508342343413,35241.29942751046,29786.89795116949,5454.401476340969,True,False,True
411,0.6962619194477392,33011.16681463117,29145.332018450346,3865.834796180825,True,False,True
412,0.6962228976559779,42936.33400921686,35231.277928214346,7705.056081002513,True,False,True
413,0.696143251057855,44057.56588481148,34506.92644270319,9550.639442108295,True,False,True
414,0.6959459874926323,33776.22808394037,28805.17194834214,4971.056135598228,True,False,True
415,0.6957292903038936,36067.528889826746,30404.47889771572,5663.049992111028,True,False,True
416,0.6954098920477076,35284.0877727037,29287.474783459365,5996.612989244335,True,False,True
417,0.6949924895098084,33725.16264703388,28425.00900675973,5300.153640274151,True,False,True
418,0.6945053410425567,31576.026661276228,26308.19287908243,5267.833782193797,True,False,True
419,0.6939630676886536,37239.56615237576,28918.827297084776,8320.738855290983,True,False,True
420,0.6934270944032953,35705.102595690405,29357.20387273596,6347.898722954444,True,False,True
421,0.6929562652104009,35573.67290451504,28003.873210332313,7569.79969418273,True,False,True
422,0.6923559755332128,37000.1075332404,31367.850017590503,5632.257515649897,True,False,True
423,0.6916560381787753,33054.36522383064,28914.55927478508,4139.80594904556,True,False,True
424,0.6908610523482942,29158.008531161908,24547.86583236099,4610.142698800919,True,False,True
425,0.6901474634626648,41723.967062531905,28639.212754823013,13084.754307708892,True,False,True
426,0.6896672421178538,34782.181807518136,27909.027970349984,6873.153837168153,True,False,True
427,0.6894176641644394,35137.58387911187,30062.87434414606,5074.709534965812,True,False,True
428,0.6893576188515821,36116.541125183096,29977.284235105726,6139.2568900773695,True,False,True
429,0.6895550339826585,34191.836578616,28697.02383515609,5494.812743459908,True,False,True
430,0.689908398591694,38890.12559525905,31993.112119615915,6897.013475643136,True,False,True
431,0.6903164176227992,40149.415109104026,33058.520121966365,7090.894987137661,True,False,True
432,0.6909386767211412,36998.00849308132,30121.112718844557,6876.89577423676,True,False,True
433,0.6916361817743187,36152.445499674985,29641.69477412105,6510.750725553935,True,False,True
434,0.692062576204729,40082.30818647521,34079.44256468226,6002.865621792953,True,False,True
435,0.692135930205676,32562.936097720492,26803.185046300394,5759.7510514200985,True,False,True
436,0.692055932815541,33360.21487088136,28932.00956092687,4428.205309954494,True,False,True
437,0.6917785896591554,33539.4994142838,29001.42642220755,4538.072992076246,True,False,True
438,0.6913099009626105,34742.06309544005,30361.53159544412,4380.531499995926,True,False,True
439,0.6906938396068178,36748.21749931221,28781.290021465,7966.92747784721,True,False,True
440,0.6899769844794433,34907.7387456041,29175.528863924534,5732.20988167957,True,False,True
441,0.6892125754099583,34664.782880340914,30877.054391693484,3787.72848864743,True,False,True
442,0.688592035839108,31573.306065413613,26759.497802718673,4813.80826269494,True,False,True
443,0.6881074433881408,36245.43625110799,28493.017219772722,7752.4190313352665,True,False,True
444,0.6876707582282112,28211.723294458992,24540.62670390687,3671.0965905521225,True,False,True
445,0.6873274181225206,35056.784453445005,27174.884416883502,7881.900036561503,True,False,True
446,0.6873407323078323,30905.24523382909,26094.90447782965,4810.340755999441,True,False,True
447,0.6874666211643047,33803.80012426544,27825.18356987411,5978.616554391334,True,False,True
448,0.6878155381800729,32587.846506754897,27359.545950165222,5228.300556589675,True,False,True
449,0.6884000496278122,29740.684811663334,26345.359682733204,3395.3251289301297,True,False,True
450,0.6891021471456629,30705.133346548962,25328.92479918147,5376.208547367492,True,False,True
451,0.6899170906299465,41721.79479153664,31041.278374785456,10680.516416751183,True,False,True
452,0.6909710703669685,37435.68207223955,31214.294777747193,6221.387294492357,True,False,True
453,0.6922211835261769,45250.634285087064,37650.71029708075,7599.923988006318,True,False,True
454,0.6935722000251116,36385.00836065394,29699.353919776615,6685.654440877326,True,False,True
455,0.6949505754356703,34055.96320472361,28385.618007647274,5670.345197076334,True,False,True
456,0.6961899515514063,35083.48612226825,30972.399062807206,4111.087059461046,True,False,True
457,0.6973123752216449,37418.714929931724,33450.85019062429,3967.8647393074352,True,False,True
458,0.6983107744783958,37810.06445805027,30430.65451593027,7379.409942120001,True,False,True
459,0.6991568046887324,34217.789363951,28957.929710388777,5259.859653562224,True,False,True
460,0.6996518983250379,33396.24521558627,26047.668387482892,7348.576828103378,True,False,True
461,0.6998763999696213,31780.81157149198,27800.831940818236,3979.9796306737444,True,False,True
462,0.6999709608962883,48457.57325027847,38076.47598023674,10381.097270041726,True,False,True
463,0.6999557168517165,33111.221094669854,28144.559568190598,4966.661526479256,True,False,True
464,0.6998298335188915,32134.28626599972,25669.593984895902,6464.692281103817,True,False,True
465,0.699424447116316,48873.04479822572,35741.36417094635,13131.68062727937,True,False,True
466,0.698622768898661,47331.8387340883,33535.77347826497,13796.065255823327,True,False,True
467,0.6973152496501552,39957.44075729171,31931.478346239604,8025.962411052107,True,False,True
468,0.6955237991542675,39981.47754852331,32224.08758246118,7757.389966062132,True,False,True
469,0.6932121972470107,32281.17485260787,27529.996526152918,4751.178326454952,True,False,True
470,0.6906259115398231,31605.380160846435,27511.878444819522,4093.5017160269126,True,False,True
471,0.6880226195792029,33464.26912854327,25088.16650410612,8376.102624437146,True,False,True
472,0.685512216658095,41833.18142191229,30538.6137333188,11294.567688593488,True,False,True
473,0.6832587590013285,33679.857919434326,28640.654759034387,5039.2031603999385,True,False,True
474,0.6812166053123607,37031.27877864291,29142.565328820405,7888.713449822506,True,False,True
475,0.679398056793913,32940.52755046463,26779.980223944684,6160.547326519943,True,False,True
476,0.6778870709889225,33601.326194235706,27781.853917743036,5819.47227649267,True,False,True
477,0.6766192996717284,37835.04289976701,32607.691346361396,5227.351553405613,True,False,True
478,0.6754944707070569,32016.41425268014,25255.71473722476,6760.699515455381,True,False,True
479,0.6745128763685537,43753.81901897347,32556.432323643334,11197.386695330133,True,False,True
480,0.6737864529517519,49357.12459435346,37832.07347759612,11525.051116757342,True,False,True
481,0.673338915067698,40013.847727788045,29479.91859914249,10533.929128645555,True,False,True
482,0.6731182627718286,37383.974704712506,31816.46404805065,5567.510656661856,True,False,True
483,0.6729805203464182,31941.23153355304,27769.108740719486,4172.122792833554,True,False,True
484,0.6728970513414988,49708.45869408855,38605.671255962785,11102.787438125764,True,False,True
485,0.6727803989123756,38440.93958121001,30859.573319747404,7581.366261462608,True,False,True
486,0.6725569211366094,38621.980160676074,30410.326735551986,8211.653425124088,True,False,True
487,0.6723797730080924,32883.72157092519,27768.27561517276,5115.4459557524315,True,False,True
488,0.6722704431634045,32537.199604407626,27782.364668564765,4754.83493584286,True,False,True
489,0.6723084432367155,35109.763788263605,27188.470940494386,7921.2928477692185,True,False,True
490,0.6724648355082075,32474.29298153099,27368.661981172852,5105.631000358138,True,False,True
491,0.6726998779278432,34228.829086038415,29161.88174605164,5066.947339986775,True,False,True
492,0.6729626472380957,39166.109687129596,31075.275131212,8090.834555917594,True,False,True
493,0.6732058678477079,39823.24562643111,31475.47560496597,8347.770021465141,True,False,True
494,0.673401136185373,41725.367805246286,33609.24824498214,8116.119560264146,True,False,True
495,0.6735886984372823,36260.247219954406,30852.13617163321,5408.111048321196,True,False,True
496,0.6737981126085267,35891.013530848766,29543.380540488248,6347.632990360518,True,False,True
497,0.6741182671911288,40693.78899476136,32513.510902512506,8180.278092248853,True,False,True
498,0.674448259520846,34137.375468123515,27643.980294630503,6493.395173493012,True,False,True
499,0.6748087332450736,32442.311947289723,28387.515566613372,4054.796380676351,True,False,True
500,0.6753554722716594,31741.404427818143,26597.14218804974,5144.262239768403,True,False,True
501,0.675931603524979,36417.793481375375,30679.546095773476,5738.247385601899,True,False,True
502,0.6764475326821163,36101.91966393711,29559.5380709916,6542.381592945509,True,False,True
503,0.6769546489517527,32874.89300496051,28417.518953498995,4457.3740514615165,True,False,True
504,0.6774986108049658,41573.21442191601,32995.237663335436,8577.976758580575,True,False,True
505,0.6779344355858175,43386.69405609828,35448.18101017861,7938.513045919666,True,False,True
506,0.6782717287306952,32604.402763230297,27745.709237049454,4858.693526180843,True,False,True
507,0.6786633801142868,35879.94934343675,29933.441158339807,5946.50818509694,True,False,True
508,0.6790418499879974,34508.43323259,26611.596744272945,7896.836488317058,True,False,True
509,0.6793885489201356,33825.81979692838,28506.896319766267,5318.923477162112,True,False,True
510,0.6796781638384771,35330.61899215894,27866.652621239577,7463.966370919363,True,False,True
511,0.6799868973190623,32145.67804520736,28222.96094839016,3922.717096817203,True,False,True
512,0.680276929956817,45130.31892918169,30693.587527936903,14436.731401244786,True,False,True
513,0.6806383069987595,39631.29155734999,29693.077008289023,9938.21454906097,True,False,True
514,0.6810828108593368,37096.808271731745,30277.356936222488,6819.451335509257,True,False,True
515,0.6815465955284149,56245.51547618517,48619.608147703766,7625.907328481408,True,False,True
516,0.6819528324409422,38307.73996063776,31619.21335948434,6688.526601153419,True,False,True
517,0.6821489381188167,34698.821456106176,29402.322218679637,5296.4992374265385,True,False,True
518,0.6823820748765114,37527.854196045926,33221.0626627047,4306.791533341224,True,False,True
519,0.6825456735381233,33267.26460724045,26422.88332896793,6844.381278272522,True,False,True
520,0.6827596341385801,31912.533702292338,27511.526400483875,4401.007301808462,True,False,True
521,0.6828913852567307,49136.342495712954,40468.68060153012,8667.661894182835,True,False,True
522,0.6830055761547978,36213.79316080565,29001.25728524856,7212.535875557092,True,False,True
523,0.6830992254453743,41785.746939359626,31682.444266117433,10103.302673242193,True,False,True
524,0.6831791858911319,31516.37417585781,25499.802320344355,6016.571855513455,True,False,True
525,0.6832222595855934,36735.6530198229,31020.248070760164,5715.404949062737,True,False,True
526,0.683051448364661,31395.21274651522,26751.758227261846,4643.454519253373,True,False,True
527,0.6827689005027434,54286.9545386509,42343.71769623819,11943.236842412705,True,False,True
528,0.6826779875151323,30181.311030027784,24992.536621125742,5188.774408902042,True,False,True
529,0.6826875142650243,34549.86315372739,28537.236460933673,6012.626692793718,True,False,True
530,0.6826376591395585,33288.12028869345,29519.18652975193,3768.933758941519,True,False,True
531,0.6825112826433961,46429.602776795204,37965.49300031062,8464.109776484584,True,False,True
532,0.682384529287878,33967.69914373671,29617.465987240004,4350.233156496706,True,False,True
533,0.6822842201034502,31490.3421801933,25998.225827231523,5492.116352961777,True,False,True
534,0.6822568573598548,33579.89908548529,29113.862614732207,4466.0364707530825,True,False,True
535,0.6822054210248515,55252.96445624685,46322.72887956241,8930.235576684441,True,False,True
536,0.6822228216846467,34951.02823090998,29705.44924412097,5245.578986789009,True,False,True
537,0.682362510905447,34952.51728040062,28354.896809331196,6597.620471069426,True,False,True
538,0.6827183423264735,45607.57126550497,33631.7731722779,11975.798093227073,True,False,True
539,0.683237474235515,30095.855843911595,24770.61381269501,5325.242031216585,True,False,True
540,0.6838419819311805,33306.55831304619,28419.023132712493,4887.535180333696,True,False,True
541,0.6842760872487722,37610.99391577364,32015.09734637295,5595.896569400687,True,False,True
542,0.684677417932595,31289.923142781594,26152.96576823298,5136.957374548612,True,False,True
543,0.6849895568114966,44561.733024065135,35996.62922632044,8565.103797744698,True,False,True
544,0.6852245091237603,32913.20312290816,27226.943918380046,5686.259204528116,True,False,True
545,0.6854896189010145,32242.125090731148,27614.129286176652,4627.995804554495,True,False,True
546,0.685745893524953,34005.88040435813,27885.561109245442,6120.319295112691,True,False,True
547,0.6862530431937726,31590.167471835863,25386.040962150524,6204.1265096853385,True,False,True
548,0.6870265369417904,34545.165788878905,26480.171557110607,8064.994231768298,True,False,True
549,0.6879232184285923,33804.45949173305,27916.23007120291,5888.229420530137,True,False,True
550,0.688893555564501,31192.92698447129,26616.576330858952,4576.350653612339,True,False,True
551,0.6899225746277869,38166.70846452045,29516.29360771789,8650.414856802563,True,False,True
552,0.6910465026605902,48533.22522461537,39469.245251321416,9063.979973293957,True,False,True
553,0.6921565821600761,36530.837682803955,28180.502695777097,8350.334987026858,True,False,True
554,0.6934866134185279,33963.358639129954,29656.71618131175,4306.642457818205,True,False,True
555,0.6950714924813247,37273.826198889416,28483.953307381482,8789.872891507934,True,False,True
556,0.6967341972859803,39798.52229158084,32326.839800294045,7471.682491286796,True,False,True
557,0.698470662153214,32032.656680326116,25821.195805262298,6211.460875063818,True,False,True
558,0.7001297706646209,39284.175547487874,28947.866507903578,10336.309039584296,True,False,True
559,0.7016484110366241,36899.85898350263,30244.91992065763,6654.939062844998,True,False,True
560,0.7030691956427204,33150.439264499,27944.296303789124,5206.142960709876,True,False,True
561,0.7042520608465955,39611.948807426204,30714.871860286454,8897.07694713975,True,False,True
562,0.7049879631615152,33187.95785447,28002.077238497455,5185.880615972543,True,False,True
563,0.7053614145550445,37404.63149046826,31323.18061810456,6081.450872363697,True,False,True
564,0.7055396547493106,33667.05541746305,30079.24249503107,3587.812922431982,True,False,True
565,0.705465784050676,50471.52659219394,40183.230387161246,10288.296205032697,True,False,True
566,0.7051385781596864,35579.84976883266,27412.775756329094,8167.074012503566,True,False,True
567,0.7046748072775305,44598.67680054909,35158.436712955874,9440.240087593214,True,False,True
568,0.7040727807855497,37738.3292856865,30101.38410761066,7636.945178075843,True,False,True
569,0.7032964236933638,35924.68707186478,29404.00298856738,6520.684083297398,True,False,True
570,0.7022372306672903,44273.32437853193,35614.472275734544,8658.852102797384,True,False,True
571,0.7010216031316586,33352.035484789056,26805.349191411708,6546.686293377348,True,False,True
572,0.6998218587323968,57640.40162461268,44686.62985998485,12953.771764627825,True,False,True
573,0.6987759386664865,36034.691084037884,30579.14180599966,5455.549278038223,True,False,True
574,0.6978249243841258,33823.18179362205,28255.223652513618,5567.958141108429,True,False,True
575,0.696893460860415,32558.026525768153,28756.566841987686,3801.4596837804675,True,False,True
576,0.6959784684495014,30741.19283067237,26493.289526859116,4247.903303813255,True,False,True
577,0.6950131324649511,33285.16491722889,29961.039898962634,3324.125018266255,True,False,True
578,0.6938914853158277,33483.87164193948,28664.28081196812,4819.590829971356,True,False,True
579,0.6925595059592325,33477.1375388364,28976.625449572333,4500.51208926407,True,False,True
580,0.6911957085245569,32669.456763622715,26659.65099902971,6009.805764593006,True,False,True
581,0.6899672503229105,31966.464111412344,27492.223471136,4474.2406402763445,True,False,True
582,0.6889476809068994,32554.063608263896,27862.485208953694,4691.578399310201,True,False,True
583,0.6880467204670603,33091.35360556334,26431.674490541893,6659.679115021445,True,False,True
584,0.6872375135785397,32082.53619969567,26084.91288469921,5997.623314996461,True,False,True
585,0.6865970066742272,31221.91663826834,26809.78170189239,4412.134936375951,True,False,True
586,0.6859868163957398,33327.83434536241,27159.010478072665,6168.823867289746,True,False,True
587,0.6853368787483957,28522.02058404825,25017.129022845183,3504.891561203065,True,False,True
588,0.6846760038745908,28900.17837599403,25386.414828326688,3513.763547667342,True,False,True
589,0.684033667331524,47089.52269259581,37274.59825782095,9814.92443477486,True,False,True
590,0.6834778227978443,28598.982816713913,25299.991252985023,3298.9915637288905,True,False,True
591,0.6828914593410322,41307.46134514796,34155.56434910586,7151.896996042102,True,False,True
592,0.6823127966065973,36655.62173275491,28990.165674973516,7665.456057781394,True,False,True
593,0.6816295250649302,35494.29109818682,28419.27702666081,7075.0140715260095,True,False,True
594,0.6809620479029588,49231.33047402878,33623.95943891978,15607.371035108998,True,False,True
595,0.6802590871875223,50139.16267952196,34217.536218409994,15921.62646111197,True,False,True
596,0.6797999459555144,36266.161523142146,28979.89663892186,7286.264884220287,True,False,True
597,0.679420650077877,32676.130896604314,29523.926170214945,3152.204726389369,True,False,True
598,0.6792976884287251,30614.772209614024,24920.49965755048,5694.272552063543,True,False,True
599,0.6794411764200763,35400.401943809135,28161.196782475556,7239.205161333579,True,False,True
600,0.6797257911592199,48450.35472342248,34138.42557361311,14311.929149809373,True,False,True
601,0.6801530725733158,33359.81079135508,26669.023915659378,6690.7868756957,True,False,True
602,0.6808498351559147,62794.529619691835,45719.49175829277,17075.03786139907,True,False,True
603,0.6814333556487492,36077.454527637005,31518.940568895683,4558.513958741321,True,False,True
604,0.6818572120537604,36165.747587781465,29854.35424428677,6311.393343494696,True,False,True
605,0.6820837436140127,35524.90112564682,28990.765586963298,6534.135538683524,True,False,True
606,0.6819937711931574,36146.04850238572,30178.59266944338,5967.455832942338,True,False,True
607,0.6816675864874246,33617.759209572374,27856.114876597625,5761.644332974749,True,False,True
608,0.6811461486212173,30462.683961323135,26231.465510830534,4231.218450492601,True,False,True
609,0.6804965466089689,33872.762894628424,27999.408942485228,5873.353952143196,True,False,True
610,0.6797443605788183,30772.351885399483,26433.810611777495,4338.541273621988,True,False,True
611,0.6789322260109492,33661.09146991928,29226.450980899466,4434.640489019814,True,False,True
612,0.6780771022801662,40769.963900557355,29041.26982908707,11728.694071470287,True,False,True
613,0.6771167387160889,35099.12054573915,27988.902611780628,7110.21793395852,True,False,True
614,0.6759641587048203,31734.148638831393,26488.3731377272,5245.775501104192,True,False,True
615,0.6746212473658204,37467.52163003361,29723.080991639457,7744.440638394153,True,False,True
616,0.6732994892566372,34785.24798228701,30509.84104777228,4275.406934514729,True,False,True
617,0.6719365916394855,32045.04159716858,27895.983909164293,4149.057688004286,True,False,True
618,0.6705479684204493,31104.668773281617,26800.71431640503,4303.954456876589,True,False,True
619,0.6690264306914234,33243.98937345662,27233.7660669642,6010.223306492422,True,False,True
620,0.6673689551443596,31314.588469789516,26081.31173790297,5233.276731886544,True,False,True
621,0.665652697576014,30899.53037598032,24649.700532918592,6249.829843061729,True,False,True
622,0.663918628591653,32844.989305326955,27950.55872732686,4894.430578000094,True,False,True
623,0.6621156381490189,28330.540247667872,23202.955202378424,5127.585045289448,True,False,True
624,0.6601422474488808,34445.23609355207,27916.940953997277,6528.295139554793,True,False,True
625,0.6580245081302238,26213.646430902285,22017.180094931427,4196.4663359708575,True,False,True
626,0.6558852397440272,35343.14894976966,27719.15023363728,7623.998716132381,True,False,True
627,0.6536306896193941,31233.97532933856,26135.0103565453,5098.964972793259,True,False,True
628,0.6512207708541323,36156.58440758062,29113.867850163555,7042.7165574170685,True,False,True
629,0.648618453245177,30864.282380292818,24323.041848168137,6541.240532124681,True,False,True
630,0.6460142551287058,31355.985142443496,23811.608450181142,7544.3766922623545,True,False,True
631,0.6433875432897932,28590.226906644562,25384.87166697558,3205.355239668981,True,False,True
632,0.6407004480180164,37198.83066195078,28931.754907174764,8267.075754776015,True,False,True
633,0.6380688247455635,46618.4775862598,35400.1638250686,11218.313761191203,True,False,True
634,0.635514858285168,39461.574018157466,32771.710554432386,6689.86346372508,True,False,True
635,0.633057997342901,33120.49597584089,27581.117298719502,5539.378677121385,True,False,True
636,0.630835164926437,31007.852130203402,24906.288857303978,6101.563272899424,True,False,True
637,0.6288412315108983,30669.543256651094,24688.687999650312,5980.855257000781,True,False,True
638,0.6270286446390847,30991.49724071881,26609.77269192806,4381.724548790749,True,False,True
639,0.625110437993542,30275.47723763707,25726.98896414632,4548.488273490751,True,False,True
640,0.6228862483466592,32545.925067204655,27260.56647440616,5285.358592798493,True,False,True
641,0.6204358876860679,40246.6776365477,30329.470233672662,9917.207402875036,True,False,True
642,0.6177454835269444,33477.84503073588,28634.948492676747,4842.896538059133,True,False,True
643,0.6149409840256784,32486.74375176046,26681.829020707406,5804.914731053053,True,False,True
644,0.6120440102527015,32392.686311810412,26160.05546814869,6232.630843661722,True,False,True
645,0.6091318190707964,34617.27392511458,27029.97078113784,7587.303143976744,True,False,True
646,0.6063004891821053,30152.093472522556,24585.36218469275,5566.731287829807,True,False,True
647,0.6034434243967735,47354.6048569101,31375.203937339465,15979.400919570631,True,False,True
648,0.6006433315942832,27706.036554303457,21079.648637515584,6626.387916787873,True,False,True
649,0.598019802622262,31017.00168118268,24052.698131507575,6964.303549675104,True,False,True
650,0.5954307645671791,28783.735299972934,24813.970984238895,3969.764315734039,True,False,True
651,0.5930672925565177,29744.947195280965,23648.151131142935,6096.7960641380305,True,False,True
652,0.5909268529770453,33063.82279828054,26282.86112323944,6780.9616750411005,True,False,True
653,0.5889873795644198,32201.37862931037,27550.588423056033,4650.790206254336,True,False,True
654,0.5873073762426869,28931.95280082075,24341.64871436904,4590.30408645171,True,False,True
655,0.5857073521747053,32216.698473444827,27130.807836445667,5085.89063699916,True,False,True
656,0.5842052579460344,38657.99017978715,32335.107600013685,6322.882579773464,True,False,True
657,0.5827602935503825,30687.428172476113,24288.09390033255,6399.334272143562,True,False,True
658,0.581575707683903,32784.999797726676,26632.78416562827,6152.215632098407,True,False,True
659,0.5805773771662552,39653.31973981956,24792.40600391664,14860.913735902923,True,False,True
660,0.5797479124724173,32023.46010450904,27713.621320683356,4309.838783825682,True,False,True
661,0.5791617376867215,27258.4985023411,22394.655705745197,4863.842796595902,True,False,True
662,0.578795101311964,28415.381106738234,22869.104214358602,5546.276892379632,True,False,True
663,0.5786134066568638,30878.249701198445,23849.601813572,7028.647887626445,True,False,True
664,0.5786098095609847,34664.957690126714,28896.397574571063,5768.560115555651,True,False,True
665,0.5785472054127542,31562.280077094045,24516.663703656202,7045.616373437842,True,False,True
666,0.5787332115458441,30112.44110387365,24519.505487788436,5592.935616085215,True,False,True
667,0.5792338505258547,27818.24794009444,23513.556343058866,4304.691597035573,True,False,True
668,0.5799433875313734,26886.483155400696,22015.844914253295,4870.638241147401,True,False,True
669,0.5808255338830994,29092.357871629818,23459.4396468938,5632.918224736019,True,False,True
670,0.5819470236780165,28342.74366909665,24893.696926225373,3449.0467428712764,True,False,True
671,0.5831731314042341,40807.540035579266,32538.68693273663,8268.853102842637,True,False,True
672,0.5843241736471262,31999.008601389494,24564.91156126514,7434.097040124354,True,False,True
673,0.5853199606352925,45305.856214301246,24297.436307277312,21008.419907023934,True,False,True
674,0.5861139554827854,36605.76577581762,28444.692975385507,8161.072800432114,True,False,True
675,0.5866375103437386,29416.41377798779,24344.638406640992,5071.775371346797,True,False,True
676,0.586911280031323,34180.40291187087,27283.034331291565,6897.368580579307,True,False,True
677,0.5868612575488045,28974.75104593572,23635.80685253716,5338.944193398562,True,False,True
678,0.586598759449014,33481.16154425565,28054.127250898306,5427.034293357345,True,False,True
679,0.586193225597632,31228.668392696283,24957.0929494448,6271.575443251484,True,False,True
680,0.5857819082415265,29681.196058140435,24506.709864277218,5174.486193863217,True,False,True
681,0.5852834293539538,31605.24026867777,26413.679521912243,5191.560746765528,True,False,True
682,0.5847323595411511,27791.201813161446,23976.04706424728,3815.1547489141667,True,False,True
683,0.5840372812464628,30782.108336053934,25760.045154881263,5022.063181172671,True,False,True
684,0.5832692035709129,39286.79292937979,28427.31956885272,10859.473360527074,True,False,True
685,0.5824133715064238,34732.19752807624,26904.67544169618,7827.5220863800605,True,False,True
686,0.5813306267607583,42049.73274765296,34561.092660913724,7488.640086739237,True,False,True
687,0.5801230755051636,30189.82906415075,25868.13303696824,4321.696027182508,True,False,True
688,0.5785349151972246,35436.27164697145,29142.898287516855,6293.373359454596,True,False,True
689,0.5768070404858858,35203.09782851694,30153.36835571196,5049.729472804982,True,False,True
690,0.5749567606528517,33601.261599929974,25988.28901803982,7612.972581890153,True,False,True
691,0.5729805355904152,33277.45321272589,27495.643784051077,5781.809428674816,True,False,True
692,0.5707916913528148,35248.1243434266,27155.993578966452,8092.1307644601475,True,False,True
693,0.5684468078428784,27458.77005039969,24602.774977477675,2855.9950729220145,True,False,True
694,0.5658920533977573,44045.01260627745,38268.5332260375,5776.479380239951,True,False,True
695,0.5631290556976128,28759.33229218384,24135.01856155641,4624.313730627429,True,False,True
696,0.5602766588244136,38878.45450909002,31322.90557026687,7555.548938823151,True,False,True
697,0.5575253243838916,33258.89225856835,25035.181251754213,8223.711006814134,True,False,True
698,0.5546211118250423,29422.96747556733,23131.23877990081,6291.728695666519,True,False,True
699,0.5516636030072084,30479.84986781525,26148.721493255307,4331.128374559943,True,False,True
700,0.54890668460973,29590.68053884308,25038.56037014313,4552.120168699952,True,False,True
701,0.5463309319425764,30504.199735233564,24226.121238057953,6278.078497175611,True,False,True
702,0.5438020971300066,30396.623427284485,24752.848889579574,5643.7745377049105,True,False,True
703,0.541339588774958,38780.97537838173,33314.93778333989,5466.037595041838,True,False,True
704,0.5389743304681303,30636.436752984282,25073.108491038314,5563.328261945968,True,False,True
705,0.5369322980784448,33877.04579269915,28853.846864819567,5023.1989278795845,True,False,True
706,0.5350621904524836,33789.02216739075,25936.67831832489,7852.343849065859,True,False,True
707,0.5332768473659355,29647.288104752253,24316.20032120174,5331.0877835505125,True,False,True
708,0.5314838416823301,25128.847242201264,21392.301443051525,3736.5457991497387,True,False,True
709,0.529787875079955,26570.817626997177,22622.53129952048,3948.286327476697,True,False,True
710,0.5281722682076461,28736.559776726608,24197.46181060343,4539.0979661231795,True,False,True
711,0.5266162464052164,28071.801275315545,23099.062584099993,4972.7386912155525,True,False,True
712,0.5250886067967631,27531.916838610545,23451.687270259325,4080.22956835122,True,False,True
713,0.5234529315746073,35169.65946376363,26413.603302771407,8756.056160992222,True,False,True
714,0.5216441307773455,28853.878838632074,23889.97565612407,4963.903182508006,True,False,True
715,0.5196630703280603,26519.878128532302,21028.453812744134,5491.424315788168,True,False,True
716,0.5175640840199295,112672.6377311846,50039.55410314554,62633.08362803906,True,False,True
717,0.5153756382722942,33610.93799109269,28020.982042724332,5589.955948368355,True,False,True
718,0.5131916031052071,28650.77191634661,24330.580127468947,4320.1917888776625,True,False,True
719,0.5110873005115941,26930.902811597036,22399.00362012106,4531.899191475975,True,False,True
720,0.5090155125728261,29016.811978043406,23579.798672004872,5437.013306038534,True,False,True
721,0.5072322914202053,39796.89551143834,30375.546042574002,9421.34946886434,True,False,True
722,0.505725710247253,38094.876380607246,29895.944395623275,8198.93198498397,True,False,True
723,0.5045801708727855,28362.70204387825,23377.12635091912,4985.57569295913,True,False,True
724,0.5036848795039114,28646.975903850995,25468.051505100982,3178.924398750012,True,False,True
725,0.5027361201374289,43543.14575682771,35719.02553129563,7824.120225532082,True,False,True
726,0.5020330272750442,37639.94289454586,26287.897430855337,11352.04546369052,True,False,True
727,0.5016619388577367,36120.23779662523,23781.887324347426,12338.350472277805,True,False,True
728,0.5014043857414683,27088.647584464507,22529.26620887998,4559.381375584526,True,False,True
729,0.5012142714608243,28013.852349850058,22670.652085319874,5343.200264530184,True,False,True
730,0.5010454175964184,34088.672316789976,29135.56168789712,4953.110628892857,True,False,True
731,0.500914231922859,50698.96977729573,37380.33264850048,13318.63712879525,True,False,True
732,0.5008840816990322,34952.27469332438,29994.208060461897,4958.066632862487,True,False,True
733,0.5009186267012334,39060.81532189998,29599.787639531925,9461.027682368054,True,False,True
734,0.5009706215969265,31074.29407210068,25924.82681051846,5149.46726158222,True,False,True
735,0.5011773750261082,32915.79910238652,25768.930144065784,7146.868958320734,True,False,True
736,0.5012167008714492,34140.6616539989,27229.895863927486,6910.765790071411,True,False,True
737,0.5012522112613578,28568.087746859524,22512.17718367721,6055.910563182315,True,False,True
738,0.5011814261347292,26594.76310796541,21277.790657763937,5316.972450201472,True,False,True
739,0.5010461940514178,40867.50893865812,31403.54622431578,9463.962714342335,True,False,True
740,0.5007804386462485,31162.09202028186,24375.228108042207,6786.863912239653,True,False,True
741,0.5002494988790519,29016.595081711283,24807.41348815374,4209.181593557543,True,False,True
742,0.4995884631267393,29432.443197920373,23027.08592426663,6405.357273653743,True,False,True
743,0.4988252899907216,31160.547391997054,23578.49154833404,7582.055843663013,True,False,True
744,0.4979413476677652,26332.783641506496,22892.96834777388,3439.815293732616,True,False,True
745,0.49713711817220063,25720.864985546563,21489.81604747454,4231.048938072025,True,False,True
746,0.4962557735445659,25761.430798911308,22087.035757824924,3674.3950410863836,True,False,True
747,0.4953847131132614,23789.53908112972,19355.85621713974,4433.6828639899795,True,False,True
748,0.49450929443240477,36941.70234578536,27635.658591751613,9306.043754033744,True,False,True
749,0.49355560623944794,27185.022192464443,22593.996923404793,4591.02526905965,True,False,True
750,0.49253356119452807,27638.57874291842,22418.376398276974,5220.202344641446,True,False,True
751,0.49148930387870826,27646.313252485248,20595.55823084972,7050.755021635527,True,False,True
752,0.49021129920422124,42363.09258400059,33850.72935331728,8512.36323068331,True,False,True
753,0.4888084136396127,40671.06539134479,31634.654667686525,9036.410723658264,True,False,True
754,0.48727468279286457,39225.40087520973,31301.51877111803,7923.882104091699,True,False,True
755,0.4857923329842014,30470.94506146232,23319.336223571383,7151.608837890937,True,False,True
756,0.4843320893640889,27216.25628814955,21220.563477455282,5995.692810694269,True,False,True
757,0.4829476327267989,31352.43998300798,25926.853857028553,5425.586125979426,True,False,True
758,0.4815287896691794,30320.853159057595,22518.050479792924,7802.802679264671,True,False,True
759,0.48017522944274155,51288.50280443588,43752.62507628249,7535.877728153384,True,False,True
760,0.4789054727834939,26783.195923092222,21439.432096167817,5343.763826924405,True,False,True
761,0.4778288746296981,32251.19900251505,25207.93449824806,7043.26450426699,True,False,True
762,0.4770035267456102,39520.62174018896,26583.120373983867,12937.501366205091,True,False,True
763,0.47637301638080304,43646.599981887106,36508.8254560646,7137.774525822504,True,False,True
764,0.475939116298067,29061.917112383715,23121.094373973916,5940.822738409799,True,False,True
765,0.4757026774522633,26863.07567067556,23204.515729652772,3658.559941022788,True,False,True
766,0.4755913442998243,31416.390249121618,22198.783651364392,9217.606597757225,True,False,True
767,0.4755009181394872,35860.91833368906,29655.67396432767,6205.244369361386,True,False,True
768,0.47539008371001606,29723.632860378013,22795.406508768785,6928.226351609228,True,False,True
769,0.4752497700287016,34355.29339295642,26756.068954413713,7599.224438542704,True,False,True
770,0.4752024848988826,35178.291298812794,27672.905194705432,7505.3861041073615,True,False,True
771,0.47536154288701593,28970.90370477494,21081.200812991323,7889.702891783618,True,False,True
772,0.47583721017996844,39974.83372168281,32312.903890544912,7661.929831137895,True,False,True
773,0.47648799668893776,30929.213443862267,21966.7378534185,8962.475590443766,True,False,True
774,0.47732062118445984,27801.990265994278,21917.98918983653,5884.001076157747,True,False,True
775,0.47839719479541487,30933.07030159801,21959.6672694623,8973.40303213571,True,False,True
776,0.4797026674987653,23803.199359085193,19597.085426801244,4206.113932283948,True,False,True
777,0.4812021467680639,31806.689855552722,26481.366246862184,5325.323608690538,True,False,True
778,0.4828878271278985,30216.264989323303,25590.772741911627,4625.492247411676,True,False,True
779,0.48450949467783955,35300.42020521687,27328.66781768405,7971.752387532819,True,False,True
780,0.48606251845701015,36426.54804419064,24898.16129939883,11528.38674479181,True,False,True
781,0.48756472464073886,31228.7270051441,21557.18875730484,9671.53824783926,True,False,True
782,0.4891083397702191,35251.65753122157,26032.574319617062,9219.08321160451,True,False,True
783,0.49086607793911696,27257.726208518427,21825.215025429712,5432.5111830887145,True,False,True
784,0.49258064200695606,32889.17147092489,24698.9329936166,8190.238477308292,True,False,True
785,0.4941897129846546,31142.204998303878,23933.616189204553,7208.588809099325,True,False,True
786,0.4956812609295182,43590.267891399766,34078.887213740876,9511.38067765889,True,False,True
787,0.49705846792830566,54922.43832765702,44928.13845663432,9994.299871022704,True,False,True
788,0.4981696165538564,30373.286210188326,25450.089350316946,4923.196859871379,True,False,True
789,0.4991196338506897,30927.28877811491,23156.196633818847,7771.092144296064,True,False,True
790,0.49972477299371054,32860.62082268041,23565.87410577719,9294.746716903217,True,False,True
791,0.4998914652231761,27851.276433548002,21739.192765489468,6112.083668058534,True,False,True
792,0.49975111878135553,38117.217719745124,31131.936253008942,6985.281466736182,True,False,True
793,0.49942699657873946,41785.372966099574,33720.765774037354,8064.60719206222,True,False,True
794,0.4989505851855611,34192.90204648501,25304.911766615995,8887.990279869016,True,False,True
795,0.4984127065313096,27141.77451836843,22858.745559693278,4283.028958675153,True,False,True
796,0.4977620701988436,49909.71382502334,39592.01400159023,10317.699823433111,True,False,True
797,0.4971675727660767,27105.25419513981,21244.77953491683,5860.474660222979,True,False,True
798,0.49672288172262685,28197.79412992102,21583.933408133777,6613.860721787245,True,False,True
799,0.49634473432863224,29367.993543056873,23643.8848271601,5724.108715896775,True,False,True
800,0.49607786469512793,28990.339063950003,22195.95877182408,6794.380292125923,True,False,True
